<?xml version="1.0" encoding="UTF-8" ?>
<!DOCTYPE mapper
        PUBLIC "-//mybatis.org//DTD Mapper 3.0//EN"
        "http://mybatis.org/dtd/mybatis-3-mapper.dtd">
<!--namespace绑定一个对应的DAO/Mapper接口-->
<mapper namespace="com.phw.dao.UserMapper">
    <select id="getUserList" resultType="hello">
      select * from mybatis.user
   </select>

    <select id="getUserById" parameterType="int" resultType="com.phw.pojo.User">
      select * from mybatis.user where id=#{id}
   </select>


    <!--对象中的属性能够直接取出来-->
    <insert id="addUser" parameterType="com.phw.pojo.User" >
      INSERT INTO `mybatis`.`user`(id,uname, upassword) VALUES (#{id},#{uname},#{upassword})
   </insert>


    <update id="updateUser" parameterType="com.phw.pojo.User">
      update mybatis.user set uname=#{uname},upassword=#{upassword}  where id=#{id};
   </update>

    <delete id="deleteUser" parameterType="com.phw.pojo.User">
      delete from mybatis.user where id=#{id};
   </delete>
</mapper>