<?xml version="1.0" encoding="UTF-8" ?>
<!DOCTYPE configuration
        PUBLIC "-//mybatis.org//DTD Config 3.0//EN"
        "http://mybatis.org/dtd/mybatis-3-config.dtd">
<!--核心配置文件-->
<configuration>

    <!--引入外部配置文件-->
    <!--先识别外部配置文件的内容-->
    <properties resource="db.properties"/>

    <!--可以给实体类起别名-->
    <typeAliases>
        <package name="com.phw.pojo"/>
    </typeAliases>


    <environments default="development">

        <environment id="development">
            <transactionManager type="JDBC"/>
            <dataSource type="POOLED">
                <property name="driver" value="${driver}"/>
                <property name="url" value="${url}"/>
                <property name="username" value="${username}"/>
                <property name="password" value="${password}"/>
            </dataSource>
        </environment>

    </environments>
    <!--每一个Mapper.xml都需要Mybatis核心配置文件中注册！-->
    <mappers>
        <mapper resource="com/phw/dao/UserMapper.xml"/>
    </mappers>


</configuration>