<?xml version="1.0" encoding="UTF-8" ?>
<!DOCTYPE mapper
        PUBLIC "-//mybatis.org//DTD Mapper 3.0//EN"
        "http://mybatis.org/dtd/mybatis-3-mapper.dtd">
<!--namespace绑定一个对应的DAO/Mapper接口-->
<mapper namespace="com.phw.dao.UserMapper">

<!--结果集映射-->
<resultMap id="UserMap" type="User">
    <!--column数据库中的字段，property实体类中的属性-->
    <!--<result column="id" property="id"/>
    <result column="uname" property="uname"/>-->
    <result column="upassword" property="upwd"/>
</resultMap>

    <select id="getUserById" parameterType="int" resultMap="UserMap">
      select * from mybatis.user where id=#{id}
   </select>
<!--分页-->
    <select id="getUserByLimit" parameterType="map" resultMap="UserMap">
      select * from mybatis.user limit #{startIndex},#{pageSize}
   </select>

    <!--分页2-->
    <select id="getUserByRowBounds" resultMap="UserMap">
      select * from mybatis.user
   </select>

</mapper>