<?xml version="1.0" encoding="UTF-8" ?>
<!DOCTYPE configuration
        PUBLIC "-//mybatis.org//DTD Config 3.0//EN"
        "http://mybatis.org/dtd/mybatis-3-config.dtd">
<!--核心配置文件-->
<configuration>

    <!--引入外部配置文件-->
    <!--先识别外部配置文件的内容-->
    <properties resource="db.properties"/>

    <settings>
        <!--标准的日志工厂实现-->
        <setting name="logImpl" value="STDOUT_LOGGING"/>
    </settings>

    <!--可以给实体类起别名-->
    <typeAliases>
        <package name="com.phw.pojo"/>
    </typeAliases>


    <environments default="development">

        <environment id="development">
            <transactionManager type="JDBC"/>
            <dataSource type="POOLED">
                <property name="driver" value="${driver}"/>
                <property name="url" value="${url}"/>
                <property name="username" value="${username}"/>
                <property name="password" value="${password}"/>
            </dataSource>
        </environment>

    </environments>

<!--绑定接口-->
<mappers>
    <mapper class="com.phw.dao.UserMapper"/>
</mappers>
</configuration>